{
  "timestamp": "2025-06-22T10:23:35.316Z",
  "nodeVersion": "v24.2.0",
  "platform": "darwin",
  "arch": "arm64",
  "tests": {
    "basicPrintTable": {
      "initial": {
        "rss": 46366720,
        "heapTotal": 6619136,
        "heapUsed": 4619960,
        "external": 1504078,
        "arrayBuffers": 10515
      },
      "final": {
        "rss": 48414720,
        "heapTotal": 7667712,
        "heapUsed": 4912896,
        "external": 1504118,
        "arrayBuffers": 10515
      },
      "difference": {
        "heapUsed": 292936,
        "heapTotal": 1048576,
        "external": 40,
        "rss": 2048000
      },
      "duration": 6.253792000000001
    },
    "tableInstance": {
      "initial": {
        "rss": 48758784,
        "heapTotal": 7667712,
        "heapUsed": 4261456,
        "external": 1504118,
        "arrayBuffers": 10515
      },
      "final": {
        "rss": 52740096,
        "heapTotal": 8192000,
        "heapUsed": 6119408,
        "external": 1504118,
        "arrayBuffers": 10515
      },
      "difference": {
        "heapUsed": 1857952,
        "heapTotal": 524288,
        "external": 0,
        "rss": 3981312
      },
      "duration": 1.826665999999996
    },
    "advancedFeatures": {
      "initial": {
        "rss": 53231616,
        "heapTotal": 8192000,
        "heapUsed": 5044448,
        "external": 1504118,
        "arrayBuffers": 10515
      },
      "final": {
        "rss": 53248000,
        "heapTotal": 8192000,
        "heapUsed": 4449856,
        "external": 1504118,
        "arrayBuffers": 10515
      },
      "difference": {
        "heapUsed": -594592,
        "heapTotal": 0,
        "external": 0,
        "rss": 16384
      },
      "duration": 1.787124999999996
    },
    "memoryLeak": {
      "initial": {
        "rss": 53248000,
        "heapTotal": 8192000,
        "heapUsed": 4464480,
        "external": 1504118,
        "arrayBuffers": 10515
      },
      "final": {
        "rss": 54476800,
        "heapTotal": 7143424,
        "heapUsed": 4124744,
        "external": 1504118,
        "arrayBuffers": 10515
      },
      "difference": {
        "heapUsed": -339736,
        "heapTotal": -1048576,
        "external": 0,
        "rss": 1228800
      },
      "duration": 8.649250000000002
    }
  }
}