{
  "timestamp": "2025-06-23T05:49:58.501Z",
  "nodeVersion": "v24.2.0",
  "platform": "darwin",
  "arch": "arm64",
  "tests": {
    "basicPrintTable": {
      "initial": {
        "rss": 46088192,
        "heapTotal": 6619136,
        "heapUsed": 4619840,
        "external": 1504078,
        "arrayBuffers": 10515
      },
      "final": {
        "rss": 47857664,
        "heapTotal": 7929856,
        "heapUsed": 5577632,
        "external": 1504118,
        "arrayBuffers": 10515
      },
      "difference": {
        "heapUsed": 957792,
        "heapTotal": 1310720,
        "external": 40,
        "rss": 1769472
      },
      "duration": 2.693999999999999
    },
    "tableInstance": {
      "initial": {
        "rss": 48201728,
        "heapTotal": 7929856,
        "heapUsed": 4300680,
        "external": 1504118,
        "arrayBuffers": 10515
      },
      "final": {
        "rss": 50888704,
        "heapTotal": 7929856,
        "heapUsed": 5469224,
        "external": 1504118,
        "arrayBuffers": 10515
      },
      "difference": {
        "heapUsed": 1168544,
        "heapTotal": 0,
        "external": 0,
        "rss": 2686976
      },
      "duration": 1.0822089999999989
    },
    "advancedFeatures": {
      "initial": {
        "rss": 52002816,
        "heapTotal": 7929856,
        "heapUsed": 5071336,
        "external": 1504118,
        "arrayBuffers": 10515
      },
      "final": {
        "rss": 52068352,
        "heapTotal": 7929856,
        "heapUsed": 4460376,
        "external": 1504118,
        "arrayBuffers": 10515
      },
      "difference": {
        "heapUsed": -610960,
        "heapTotal": 0,
        "external": 0,
        "rss": 65536
      },
      "duration": 0.7416249999999991
    },
    "memoryLeak": {
      "initial": {
        "rss": 52068352,
        "heapTotal": 7929856,
        "heapUsed": 5008336,
        "external": 1504118,
        "arrayBuffers": 10515
      },
      "final": {
        "rss": 53166080,
        "heapTotal": 7405568,
        "heapUsed": 4125848,
        "external": 1504118,
        "arrayBuffers": 10479
      },
      "difference": {
        "heapUsed": -882488,
        "heapTotal": -524288,
        "external": 0,
        "rss": 1097728
      },
      "duration": 4.200083000000003
    }
  }
}